[{"model": "auth.permission", "pk": 1, "fields": {"name": "Can add log entry", "content_type": 1, "codename": "add_logentry"}}, {"model": "auth.permission", "pk": 2, "fields": {"name": "Can change log entry", "content_type": 1, "codename": "change_logentry"}}, {"model": "auth.permission", "pk": 3, "fields": {"name": "Can delete log entry", "content_type": 1, "codename": "delete_logentry"}}, {"model": "auth.permission", "pk": 4, "fields": {"name": "Can view log entry", "content_type": 1, "codename": "view_logentry"}}, {"model": "auth.permission", "pk": 5, "fields": {"name": "Can add permission", "content_type": 2, "codename": "add_permission"}}, {"model": "auth.permission", "pk": 6, "fields": {"name": "Can change permission", "content_type": 2, "codename": "change_permission"}}, {"model": "auth.permission", "pk": 7, "fields": {"name": "Can delete permission", "content_type": 2, "codename": "delete_permission"}}, {"model": "auth.permission", "pk": 8, "fields": {"name": "Can view permission", "content_type": 2, "codename": "view_permission"}}, {"model": "auth.permission", "pk": 9, "fields": {"name": "Can add group", "content_type": 3, "codename": "add_group"}}, {"model": "auth.permission", "pk": 10, "fields": {"name": "Can change group", "content_type": 3, "codename": "change_group"}}, {"model": "auth.permission", "pk": 11, "fields": {"name": "Can delete group", "content_type": 3, "codename": "delete_group"}}, {"model": "auth.permission", "pk": 12, "fields": {"name": "Can view group", "content_type": 3, "codename": "view_group"}}, {"model": "auth.permission", "pk": 13, "fields": {"name": "Can add user", "content_type": 4, "codename": "add_user"}}, {"model": "auth.permission", "pk": 14, "fields": {"name": "Can change user", "content_type": 4, "codename": "change_user"}}, {"model": "auth.permission", "pk": 15, "fields": {"name": "Can delete user", "content_type": 4, "codename": "delete_user"}}, {"model": "auth.permission", "pk": 16, "fields": {"name": "Can view user", "content_type": 4, "codename": "view_user"}}, {"model": "auth.permission", "pk": 17, "fields": {"name": "Can add content type", "content_type": 5, "codename": "add_contenttype"}}, {"model": "auth.permission", "pk": 18, "fields": {"name": "Can change content type", "content_type": 5, "codename": "change_contenttype"}}, {"model": "auth.permission", "pk": 19, "fields": {"name": "Can delete content type", "content_type": 5, "codename": "delete_contenttype"}}, {"model": "auth.permission", "pk": 20, "fields": {"name": "Can view content type", "content_type": 5, "codename": "view_contenttype"}}, {"model": "auth.permission", "pk": 21, "fields": {"name": "Can add session", "content_type": 6, "codename": "add_session"}}, {"model": "auth.permission", "pk": 22, "fields": {"name": "Can change session", "content_type": 6, "codename": "change_session"}}, {"model": "auth.permission", "pk": 23, "fields": {"name": "Can delete session", "content_type": 6, "codename": "delete_session"}}, {"model": "auth.permission", "pk": 24, "fields": {"name": "Can view session", "content_type": 6, "codename": "view_session"}}, {"model": "auth.permission", "pk": 25, "fields": {"name": "Can add email otp", "content_type": 7, "codename": "add_emailotp"}}, {"model": "auth.permission", "pk": 26, "fields": {"name": "Can change email otp", "content_type": 7, "codename": "change_emailotp"}}, {"model": "auth.permission", "pk": 27, "fields": {"name": "Can delete email otp", "content_type": 7, "codename": "delete_emailotp"}}, {"model": "auth.permission", "pk": 28, "fields": {"name": "Can view email otp", "content_type": 7, "codename": "view_emailotp"}}, {"model": "auth.permission", "pk": 29, "fields": {"name": "Can add note", "content_type": 8, "codename": "add_note"}}, {"model": "auth.permission", "pk": 30, "fields": {"name": "Can change note", "content_type": 8, "codename": "change_note"}}, {"model": "auth.permission", "pk": 31, "fields": {"name": "Can delete note", "content_type": 8, "codename": "delete_note"}}, {"model": "auth.permission", "pk": 32, "fields": {"name": "Can view note", "content_type": 8, "codename": "view_note"}}, {"model": "auth.permission", "pk": 33, "fields": {"name": "Can add semester", "content_type": 9, "codename": "add_semester"}}, {"model": "auth.permission", "pk": 34, "fields": {"name": "Can change semester", "content_type": 9, "codename": "change_semester"}}, {"model": "auth.permission", "pk": 35, "fields": {"name": "Can delete semester", "content_type": 9, "codename": "delete_semester"}}, {"model": "auth.permission", "pk": 36, "fields": {"name": "Can view semester", "content_type": 9, "codename": "view_semester"}}, {"model": "auth.permission", "pk": 37, "fields": {"name": "Can add program", "content_type": 10, "codename": "add_program"}}, {"model": "auth.permission", "pk": 38, "fields": {"name": "Can change program", "content_type": 10, "codename": "change_program"}}, {"model": "auth.permission", "pk": 39, "fields": {"name": "Can delete program", "content_type": 10, "codename": "delete_program"}}, {"model": "auth.permission", "pk": 40, "fields": {"name": "Can view program", "content_type": 10, "codename": "view_program"}}, {"model": "auth.permission", "pk": 41, "fields": {"name": "Can add subject", "content_type": 11, "codename": "add_subject"}}, {"model": "auth.permission", "pk": 42, "fields": {"name": "Can change subject", "content_type": 11, "codename": "change_subject"}}, {"model": "auth.permission", "pk": 43, "fields": {"name": "Can delete subject", "content_type": 11, "codename": "delete_subject"}}, {"model": "auth.permission", "pk": 44, "fields": {"name": "Can view subject", "content_type": 11, "codename": "view_subject"}}, {"model": "auth.user", "pk": 1, "fields": {"password": "pbkdf2_sha256$1000000$WuVIHL9qZcB9yMeXr4AuaF$WFDQftqCSMYtOXGuF7bX+dFkYa1anjzOdCySUg4Nv0I=", "last_login": "2026-01-25T10:52:46.343Z", "is_superuser": false, "username": "Userx", "first_name": "", "last_name": "", "email": "userx@gmail.com", "is_staff": false, "is_active": true, "date_joined": "2025-11-16T14:53:19.406Z", "groups": [], "user_permissions": []}}, {"model": "auth.user", "pk": 2, "fields": {"password": "pbkdf2_sha256$1000000$cbBJfStydfoSH7OXPTRsSl$M5ZB4dV8GngZoorHckYMBroV2tU8/i+Ff/hLfWcad94=", "last_login": "2025-11-22T14:00:04.301Z", "is_superuser": false, "username": "MAHIPAL2", "first_name": "", "last_name": "", "email": "mahipalrao.btech2023@spsu.ac.in", "is_staff": false, "is_active": true, "date_joined": "2025-11-22T13:59:13.211Z", "groups": [], "user_permissions": []}}, {"model": "auth.user", "pk": 3, "fields": {"password": "pbkdf2_sha256$1000000$izr4hMG5z1bIqwS1T3Po7N$scpgQODlCloFK97m2Ra0yqy3PkkR7+Jidsy7FFSjKuI=", "last_login": "2025-11-25T09:56:13.585Z", "is_superuser": false, "username": "Deepanshi", "first_name": "", "last_name": "", "email": "deepanshi.btech2023@spsu.ac.in", "is_staff": false, "is_active": true, "date_joined": "2025-11-25T09:55:39.843Z", "groups": [], "user_permissions": []}}, {"model": "auth.user", "pk": 4, "fields": {"password": "pbkdf2_sha256$1000000$1pjFU7s8AlKP3HGbyNRh8E$YExkQA26zvpqDsf5AdhECRFcb65WmZSsmUtJpcCe1nA=", "last_login": "2025-12-24T19:22:03.155Z", "is_superuser": true, "username": "mahipalsinghrao", "first_name": "", "last_name": "", "email": "mahipalsinghraomp@gmail.com", "is_staff": true, "is_active": true, "date_joined": "2025-12-18T20:00:06.381Z", "groups": [], "user_permissions": []}}, {"model": "contenttypes.contenttype", "pk": 1, "fields": {"app_label": "admin", "model": "logentry"}}, {"model": "contenttypes.contenttype", "pk": 2, "fields": {"app_label": "auth", "model": "permission"}}, {"model": "contenttypes.contenttype", "pk": 3, "fields": {"app_label": "auth", "model": "group"}}, {"model": "contenttypes.contenttype", "pk": 4, "fields": {"app_label": "auth", "model": "user"}}, {"model": "contenttypes.contenttype", "pk": 5, "fields": {"app_label": "contenttypes", "model": "contenttype"}}, {"model": "contenttypes.contenttype", "pk": 6, "fields": {"app_label": "sessions", "model": "session"}}, {"model": "contenttypes.contenttype", "pk": 7, "fields": {"app_label": "accounts", "model": "emailotp"}}, {"model": "contenttypes.contenttype", "pk": 8, "fields": {"app_label": "accounts", "model": "note"}}, {"model": "contenttypes.contenttype", "pk": 9, "fields": {"app_label": "accounts", "model": "semester"}}, {"model": "contenttypes.contenttype", "pk": 10, "fields": {"app_label": "accounts", "model": "program"}}, {"model": "contenttypes.contenttype", "pk": 11, "fields": {"app_label": "accounts", "model": "subject"}}, {"model": "sessions.session", "pk": "4jotunrgar0c31lbe8zu426xq7k50o0e", "fields": {"session_data": ".eJxVjMsOwiAQRf-FtSE8C7h07zcQmBmkaiAp7cr479qkC93ec859sZi2tcZt0BJnZGcm2el3ywke1HaA99RunUNv6zJnviv8oINfO9Lzcrh_BzWN-q2D8FoZcgCIFCbtnXBkTS6TK1ojegjCSWvIKpDoFaApOVtUPgePwbD3B94cN_Q:1vjwmV:aplxW_DX7lfK_x0ZcHEQh_-STNegUbUEj97xevF0jVw", "expire_date": "2026-02-08T09:51:43.487Z"}}, {"model": "sessions.session", "pk": "fy6zbpadptmsfh1bw5yhsnybb6fd7njs", "fields": {"session_data": "e30:1vKe8C:TCE-qQCpA2qPtC_xMlXCZwxj723A--07fQgeK8rxtAg", "expire_date": "2025-11-30T14:53:32.921Z"}}, {"model": "sessions.session", "pk": "hy4bjzdbjy6aegqfprtaxo0sgzxd91gm", "fields": {"session_data": ".eJxVjMsOwiAQRf-FtSE8C7h07zcQmBmkaiAp7cr479qkC93ec859sZi2tcZt0BJnZGcm2el3ywke1HaA99RunUNv6zJnviv8oINfO9Lzcrh_BzWN-q2D8FoZcgCIFCbtnXBkTS6TK1ojegjCSWvIKpDoFaApOVtUPgePwbD3B94cN_Q:1vech8:zYx5p8rqO2E3xtSJOpP3ZpmKQbV3QYT37HPLeDbg0wI", "expire_date": "2026-01-24T17:24:10.699Z"}}, {"model": "sessions.session", "pk": "naxxudz9nysxy9o71twueq1yksps8ja0", "fields": {"session_data": ".eJxVjMsOwiAQRf-FtSE8C7h07zcQmBmkaiAp7cr479qkC93ec859sZi2tcZt0BJnZGcm2el3ywke1HaA99RunUNv6zJnviv8oINfO9Lzcrh_BzWN-q2D8FoZcgCIFCbtnXBkTS6TK1ojegjCSWvIKpDoFaApOVtUPgePwbD3B94cN_Q:1vjxja:ytZtEW8ArQ4W1z909csga2kOBwn7B2jqJ7Go3qiXkCg", "expire_date": "2026-02-08T10:52:46.351Z"}}, {"model": "sessions.session", "pk": "qs87ew0spscf4k7dividvs34o5b66nda", "fields": {"session_data": ".eJxVjMsOwiAQRf-FtSE8C7h07zcQmBmkaiAp7cr479qkC93ec859sZi2tcZt0BJnZGcm2el3ywke1HaA99RunUNv6zJnviv8oINfO9Lzcrh_BzWN-q2D8FoZcgCIFCbtnXBkTS6TK1ojegjCSWvIKpDoFaApOVtUPgePwbD3B94cN_Q:1vOIYw:zCu0i9tPP6tl5tkaT5lBcr_BqGkYLhPaDyyNDQ0HOUY", "expire_date": "2025-12-10T16:40:14.838Z"}}, {"model": "accounts.emailotp", "pk": 1, "fields": {"email": "usera@gmail.com", "otp": "857566", "created_at": "2025-11-19T14:13:05.238Z"}}, {"model": "accounts.emailotp", "pk": 2, "fields": {"email": "mahipal115singh@gmail.com", "otp": "151100", "created_at": "2025-11-21T19:20:29.249Z"}}, {"model": "accounts.emailotp", "pk": 3, "fields": {"email": "mahipalrao.btech2023@spsu.ac.in", "otp": "325499", "created_at": "2025-11-21T19:22:21.958Z"}}, {"model": "accounts.emailotp", "pk": 4, "fields": {"email": "dewanshi.btech2023@spsu.ac.in", "otp": "945360", "created_at": "2025-11-24T07:06:44.407Z"}}, {"model": "accounts.emailotp", "pk": 5, "fields": {"email": "deepanshi.btech2023@spsu.ac.in", "otp": "738039", "created_at": "2025-11-25T09:54:22.848Z"}}, {"model": "accounts.program", "pk": 2, "fields": {"name": "BTech"}}, {"model": "accounts.program", "pk": 3, "fields": {"name": "BBA"}}, {"model": "accounts.program", "pk": 4, "fields": {"name": "MBA"}}, {"model": "accounts.program", "pk": 5, "fields": {"name": "MTech"}}, {"model": "accounts.program", "pk": 6, "fields": {"name": "BCA"}}, {"model": "accounts.program", "pk": 7, "fields": {"name": "MCA"}}, {"model": "accounts.semester", "pk": 49, "fields": {"program": 2, "name": "Sem1"}}, {"model": "accounts.semester", "pk": 50, "fields": {"program": 2, "name": "Sem2"}}, {"model": "accounts.semester", "pk": 51, "fields": {"program": 2, "name": "Sem3"}}, {"model": "accounts.semester", "pk": 52, "fields": {"program": 2, "name": "Sem4"}}, {"model": "accounts.semester", "pk": 53, "fields": {"program": 2, "name": "Sem5"}}, {"model": "accounts.semester", "pk": 54, "fields": {"program": 2, "name": "Sem6"}}, {"model": "accounts.semester", "pk": 55, "fields": {"program": 2, "name": "Sem7"}}, {"model": "accounts.semester", "pk": 56, "fields": {"program": 2, "name": "Sem8"}}, {"model": "accounts.semester", "pk": 57, "fields": {"program": 3, "name": "Sem1"}}, {"model": "accounts.semester", "pk": 58, "fields": {"program": 3, "name": "Sem2"}}, {"model": "accounts.semester", "pk": 59, "fields": {"program": 3, "name": "Sem3"}}, {"model": "accounts.semester", "pk": 60, "fields": {"program": 3, "name": "Sem4"}}, {"model": "accounts.semester", "pk": 61, "fields": {"program": 3, "name": "Sem5"}}, {"model": "accounts.semester", "pk": 62, "fields": {"program": 3, "name": "Sem6"}}, {"model": "accounts.semester", "pk": 63, "fields": {"program": 4, "name": "Sem1"}}, {"model": "accounts.semester", "pk": 64, "fields": {"program": 4, "name": "Sem2"}}, {"model": "accounts.semester", "pk": 65, "fields": {"program": 4, "name": "Sem3"}}, {"model": "accounts.semester", "pk": 66, "fields": {"program": 4, "name": "Sem4"}}, {"model": "accounts.semester", "pk": 67, "fields": {"program": 5, "name": "Sem1"}}, {"model": "accounts.semester", "pk": 68, "fields": {"program": 5, "name": "Sem2"}}, {"model": "accounts.semester", "pk": 69, "fields": {"program": 5, "name": "Sem3"}}, {"model": "accounts.semester", "pk": 70, "fields": {"program": 5, "name": "Sem4"}}, {"model": "accounts.semester", "pk": 71, "fields": {"program": 6, "name": "Sem1"}}, {"model": "accounts.semester", "pk": 72, "fields": {"program": 6, "name": "Sem2"}}, {"model": "accounts.semester", "pk": 73, "fields": {"program": 6, "name": "Sem3"}}, {"model": "accounts.semester", "pk": 74, "fields": {"program": 6, "name": "Sem4"}}, {"model": "accounts.semester", "pk": 75, "fields": {"program": 6, "name": "Sem5"}}, {"model": "accounts.semester", "pk": 76, "fields": {"program": 6, "name": "Sem6"}}, {"model": "accounts.semester", "pk": 77, "fields": {"program": 7, "name": "Sem1"}}, {"model": "accounts.semester", "pk": 78, "fields": {"program": 7, "name": "Sem2"}}, {"model": "accounts.semester", "pk": 79, "fields": {"program": 7, "name": "Sem3"}}, {"model": "accounts.semester", "pk": 80, "fields": {"program": 7, "name": "Sem4"}}, {"model": "accounts.subject", "pk": 1, "fields": {"semester": 53, "name": "Operating System"}}, {"model": "accounts.subject", "pk": 2, "fields": {"semester": 53, "name": "DBMS"}}, {"model": "accounts.subject", "pk": 3, "fields": {"semester": 53, "name": "Computer Network"}}, {"model": "accounts.subject", "pk": 4, "fields": {"semester": 53, "name": "RNN"}}, {"model": "accounts.subject", "pk": 5, "fields": {"semester": 53, "name": "AI"}}, {"model": "accounts.subject", "pk": 6, "fields": {"semester": 53, "name": "Azure"}}, {"model": "accounts.subject", "pk": 7, "fields": {"semester": 53, "name": "Organizational Behaviour"}}, {"model": "accounts.note", "pk": 23, "fields": {"semester": 55, "subject": 1, "title": "htc", "file": "notes/12_organizational_change.pdf", "cached_summary": null, "uploaded_by": null, "uploaded_at": "2025-12-23T19:53:37.066Z"}}, {"model": "accounts.note", "pk": 24, "fields": {"semester": 53, "subject": 1, "title": "Operating System File Management1", "file": "notes/FILE_MANAGEMENT__PART-I.pdf", "cached_summary": " This presentation is released under Creative Commons-A6ribute,on 4.0 License . Use the presentation to help students understand the function of file systems and understand file-system design tradeoffs . The lecture is available at http://www.cse2506 (Operating System) Part I Lecture -33 . Back to the page you came from the lecture. Back to The Daily Discussion: The CSE 2506 Lecture 2017. The lecture was presented by CSE2506 - part I Lecturer - - on Module 4: File Management Topic: File-System Interface . The file system provides the mechanism For on-line storage of the operating system and all the users of the computer system . This work is licensed under aCreative Commons Attribution-ShareAlike 4 .0 International License . For confidential support call the Samaritans on 08457 90 90 90, visit a local Samaritans branch or click here for details or go to www.samaritans.org/shrievance. For confidential help in the U.S. assistance, call the National Suicide Prevention Lifeline on 1-800-273-8255 or visit www.suicidepreventionlifeline.org or see www.succeedceedceededsuicide.org for details on suicidepreventlifeline@sucination@suicide@ssuicidefeline. www.www.http://http://sucinations.com/suicide-prevention@suscinationlifeline-lifelinelifeline/sucinating-suicide/suscinations@sincincincindindind.org. For details. For information.org . For details, visit http://suscitation-preventnations.org/. Back to wwwwww.suscinate.com . For information about suicidepreventionnations@suspicionnaction.org, or contact www.crimininntourour.com. For help in-sucinntours.", "uploaded_by": null, "uploaded_at": "2025-12-24T16:41:55.615Z"}}, {"model": "accounts.note", "pk": 25, "fields": {"semester": 53, "subject": 5, "title": "Module1", "file": "notes/AI_Module-1_Notes.pptx.pdf", "cached_summary": null, "uploaded_by": null, "uploaded_at": "2026-01-09T11:43:58.266Z"}}]
