[{"model": "accounts.emailotp", "pk": 1, "fields": {"email": "usera@gmail.com", "otp": "857566", "created_at": "2025-11-19T14:13:05.238Z"}}, {"model": "accounts.emailotp", "pk": 2, "fields": {"email": "mahipal115singh@gmail.com", "otp": "151100", "created_at": "2025-11-21T19:20:29.249Z"}}, {"model": "accounts.emailotp", "pk": 3, "fields": {"email": "mahipalrao.btech2023@spsu.ac.in", "otp": "325499", "created_at": "2025-11-21T19:22:21.958Z"}}, {"model": "accounts.emailotp", "pk": 4, "fields": {"email": "dewanshi.btech2023@spsu.ac.in", "otp": "945360", "created_at": "2025-11-24T07:06:44.407Z"}}, {"model": "accounts.emailotp", "pk": 5, "fields": {"email": "deepanshi.btech2023@spsu.ac.in", "otp": "738039", "created_at": "2025-11-25T09:54:22.848Z"}}, {"model": "accounts.program", "pk": 2, "fields": {"name": "BTech"}}, {"model": "accounts.program", "pk": 3, "fields": {"name": "BBA"}}, {"model": "accounts.program", "pk": 4, "fields": {"name": "MBA"}}, {"model": "accounts.program", "pk": 5, "fields": {"name": "MTech"}}, {"model": "accounts.program", "pk": 6, "fields": {"name": "BCA"}}, {"model": "accounts.program", "pk": 7, "fields": {"name": "MCA"}}, {"model": "accounts.semester", "pk": 49, "fields": {"program": 2, "name": "Sem1"}}, {"model": "accounts.semester", "pk": 50, "fields": {"program": 2, "name": "Sem2"}}, {"model": "accounts.semester", "pk": 51, "fields": {"program": 2, "name": "Sem3"}}, {"model": "accounts.semester", "pk": 52, "fields": {"program": 2, "name": "Sem4"}}, {"model": "accounts.semester", "pk": 53, "fields": {"program": 2, "name": "Sem5"}}, {"model": "accounts.semester", "pk": 54, "fields": {"program": 2, "name": "Sem6"}}, {"model": "accounts.semester", "pk": 55, "fields": {"program": 2, "name": "Sem7"}}, {"model": "accounts.semester", "pk": 56, "fields": {"program": 2, "name": "Sem8"}}, {"model": "accounts.semester", "pk": 57, "fields": {"program": 3, "name": "Sem1"}}, {"model": "accounts.semester", "pk": 58, "fields": {"program": 3, "name": "Sem2"}}, {"model": "accounts.semester", "pk": 59, "fields": {"program": 3, "name": "Sem3"}}, {"model": "accounts.semester", "pk": 60, "fields": {"program": 3, "name": "Sem4"}}, {"model": "accounts.semester", "pk": 61, "fields": {"program": 3, "name": "Sem5"}}, {"model": "accounts.semester", "pk": 62, "fields": {"program": 3, "name": "Sem6"}}, {"model": "accounts.semester", "pk": 63, "fields": {"program": 4, "name": "Sem1"}}, {"model": "accounts.semester", "pk": 64, "fields": {"program": 4, "name": "Sem2"}}, {"model": "accounts.semester", "pk": 65, "fields": {"program": 4, "name": "Sem3"}}, {"model": "accounts.semester", "pk": 66, "fields": {"program": 4, "name": "Sem4"}}, {"model": "accounts.semester", "pk": 67, "fields": {"program": 5, "name": "Sem1"}}, {"model": "accounts.semester", "pk": 68, "fields": {"program": 5, "name": "Sem2"}}, {"model": "accounts.semester", "pk": 69, "fields": {"program": 5, "name": "Sem3"}}, {"model": "accounts.semester", "pk": 70, "fields": {"program": 5, "name": "Sem4"}}, {"model": "accounts.semester", "pk": 71, "fields": {"program": 6, "name": "Sem1"}}, {"model": "accounts.semester", "pk": 72, "fields": {"program": 6, "name": "Sem2"}}, {"model": "accounts.semester", "pk": 73, "fields": {"program": 6, "name": "Sem3"}}, {"model": "accounts.semester", "pk": 74, "fields": {"program": 6, "name": "Sem4"}}, {"model": "accounts.semester", "pk": 75, "fields": {"program": 6, "name": "Sem5"}}, {"model": "accounts.semester", "pk": 76, "fields": {"program": 6, "name": "Sem6"}}, {"model": "accounts.semester", "pk": 77, "fields": {"program": 7, "name": "Sem1"}}, {"model": "accounts.semester", "pk": 78, "fields": {"program": 7, "name": "Sem2"}}, {"model": "accounts.semester", "pk": 79, "fields": {"program": 7, "name": "Sem3"}}, {"model": "accounts.semester", "pk": 80, "fields": {"program": 7, "name": "Sem4"}}, {"model": "accounts.subject", "pk": 1, "fields": {"semester": 53, "name": "Operating System"}}, {"model": "accounts.subject", "pk": 2, "fields": {"semester": 53, "name": "DBMS"}}, {"model": "accounts.subject", "pk": 3, "fields": {"semester": 53, "name": "Computer Network"}}, {"model": "accounts.subject", "pk": 4, "fields": {"semester": 53, "name": "RNN"}}, {"model": "accounts.subject", "pk": 5, "fields": {"semester": 53, "name": "AI"}}, {"model": "accounts.subject", "pk": 6, "fields": {"semester": 53, "name": "Azure"}}, {"model": "accounts.subject", "pk": 7, "fields": {"semester": 53, "name": "Organizational Behaviour"}}, {"model": "accounts.note", "pk": 23, "fields": {"semester": 55, "subject": 1, "title": "htc", "file": "notes/12_organizational_change.pdf", "cached_summary": null, "uploaded_by": null, "uploaded_at": "2025-12-23T19:53:37.066Z"}}, {"model": "accounts.note", "pk": 24, "fields": {"semester": 53, "subject": 1, "title": "Operating System File Management1", "file": "notes/FILE_MANAGEMENT__PART-I.pdf", "cached_summary": " This presentation is released under Creative Commons-A6ribute,on 4.0 License . Use the presentation to help students understand the function of file systems and understand file-system design tradeoffs . The lecture is available at http://www.cse2506 (Operating System) Part I Lecture -33 . Back to the page you came from the lecture. Back to The Daily Discussion: The CSE 2506 Lecture 2017. The lecture was presented by CSE2506 - part I Lecturer - - on Module 4: File Management Topic: File-System Interface . The file system provides the mechanism For on-line storage of the operating system and all the users of the computer system . This work is licensed under aCreative Commons Attribution-ShareAlike 4 .0 International License . For confidential support call the Samaritans on 08457 90 90 90, visit a local Samaritans branch or click here for details or go to www.samaritans.org/shrievance. For confidential help in the U.S. assistance, call the National Suicide Prevention Lifeline on 1-800-273-8255 or visit www.suicidepreventionlifeline.org or see www.succeedceedceededsuicide.org for details on suicidepreventlifeline@sucination@suicide@ssuicidefeline. www.www.http://http://sucinations.com/suicide-prevention@suscinationlifeline-lifelinelifeline/sucinating-suicide/suscinations@sincincincindindind.org. For details. For information.org . For details, visit http://suscitation-preventnations.org/. Back to wwwwww.suscinate.com . For information about suicidepreventionnations@suspicionnaction.org, or contact www.crimininntourour.com. For help in-sucinntours.", "uploaded_by": null, "uploaded_at": "2025-12-24T16:41:55.615Z"}}, {"model": "accounts.note", "pk": 25, "fields": {"semester": 53, "subject": 5, "title": "Module1", "file": "notes/AI_Module-1_Notes.pptx.pdf", "cached_summary": null, "uploaded_by": null, "uploaded_at": "2026-01-09T11:43:58.266Z"}}]
